<?xml version="1.0" encoding="utf-8"?>
<extension version="2.5" type="plugin" group="system" method="upgrade">
    <name>System - Campaign Rabbit</name>
    <author>Alagesan</author>
    <creationDate>JUL 2018</creationDate>
    <copyright>(C) 2018 J2Store</copyright>
    <license>http://www.gnu.org/copyleft/lgpl.html GNU/LGPL</license>
    <authorEmail>support@j2store.org</authorEmail>
    <authorUrl>https://www.j2store.org</authorUrl>
    <version>1.0.11</version>
    <description>System plugin that loads Campaign Rabbit analysis script.</description>
    <files>
        <filename plugin="campaignrabbit">campaignrabbit.php</filename>
        <filename>index.html</filename>
    </files>
</extension>
